{"Localized Surface Plasmon Resonance (LSPR) index Human serum (Sigma #H4522)":{"pvalue":2.7781332789800217e-10,"r":0.5673665177300351},"ZETA POTENTIAL Change":{"pvalue":2.071052722262855e-09,"r":-0.5435850485069125},"ZETA POTENTIAL [mV]":{"pvalue":2.025461243171378e-08,"r":0.5141366184476799},"Intensity Mean Hydrodynamic Diameter Human serum (Sigma #H4522) [nm]":{"pvalue":7.296459421546331e-06,"r":0.4220954992507819},"Volume Mean Hydrodynamic Diameter Human serum (Sigma #H4522) [nm]":{"pvalue":0.00014304093718453537,"r":0.3627394229575142},"Z-Average Hydrodynamic Diameter Human serum (Sigma #H4522) [nm]":{"pvalue":0.0013415551974216289,"r":0.3089691292079323},"Localized Surface Plasmon Resonance (LSPR) index Change":{"pvalue":0.0020134808685383643,"r":0.2980672974262308},"Total surface area (SAtot) Human serum (Sigma #H4522) [cm^2]":{"pvalue":0.009242146870015556,"r":-0.2529069909205578},"Localized Surface Plasmon Resonance (LSPR) index":{"pvalue":0.010019903744117542,"r":0.2502907155942361},"Volume Mean Hydrodynamic Diameter Change":{"pvalue":0.013109585368169974,"r":0.24139711318406543},"Polydispersity index Change":{"pvalue":0.020454612521909568,"r":-0.22597482832068308},"Volume Mean Hydrodynamic Diameter [nm]":{"pvalue":0.033722917694600785,"r":0.20744306643756433},"Polydispersity index [nm]":{"pvalue":0.04433575298419301,"r":0.19667713971723438},"Number Mean Hydrodynamic Diameter Human serum (Sigma #H4522) [nm]":{"pvalue":0.04474107346052025,"r":0.19631065152636545}}
